Workbook

Sheet Risk_Register
A1: Risk ID | B1: Asset ID | C1: Asset / Process | D1: Risk Statement | E1: Threat | F1: Vulnerability | G1: Likelihood | H1: Impact | I1: Inherent Risk | J1: Existing Controls | K1: Control Effectiveness | L1: Residual Risk | M1: Treatment | N1: Risk Owner | O1: Action Owner | P1: Due Date | Q1: Status | R1: Evidence Required | S1: Verification | U1: Baseline version
A2: R-001 | B2: AST-002 | C2: Customer Portal / WEB-PROD-01 | D2: An external attacker could exploit the internet-facing RCE vulnerability to gain unauthorized access to the customer portal, potentially exposing customer personal data and disrupting a critical customer service. | E2: External attacker | F2: Known RCE vulnerability in internet-facing application | G2: High | H2: High | I2: High | J2: WAF deployed | K2: Effectiveness pending validation | L2: Pending validation | M2: Expedite patching and validate WAF protection; reassess residual risk after evidence is obtained | N2: Customer Digital Services Manager | O2: Infrastructure Team | P2: =Assumptions!$B$3+Assumptions!$B$6 -> 46328 | Q2: Open | R2: WAF configuration/rule evidence; vulnerability scan; patch/remediation plan; relevant security logs or validation results | S2: Re-scan the asset and confirm the vulnerability is remediated; validate WAF protection and update residual risk | U2: v1.1 — R-003 scenario intentionally updated after user confirmation on 12 Oct 2026; R-001 and R-002 unchanged. R-003 ratings are provisional until treatment/evidence review.
A3: R-002 | B3: AST-003 | C3: Finance Database / FIN-DB-01 | D3: An external attacker could exploit the high-severity vulnerability through the finance application server to gain unauthorized access to the finance database, potentially exposing sensitive financial information. | E3: External attacker | F3: High-severity vulnerability on finance database | G3: Medium | H3: High | I3: High | J3: Network segmentation; only authorized finance application server can communicate with the database | K3: Effective | L3: Medium | M3: Patch the vulnerability and maintain network segmentation; reassess residual risk after remediation | N3: Finance Application Manager | O3: Database/Infrastructure Team | P3: =Assumptions!$B$3+Assumptions!$B$7 -> 46321 | Q3: Open | R3: Network/firewall configuration; access-control test result; vulnerability scan; patch evidence | S3: Re-scan the database and verify unauthorized network access remains blocked; confirm vulnerability is remediated and update residual risk
A4: R-003 | B4: AST-004 | C4: NovaCare Privileged and Service Accounts | D4: The five privileged service accounts exempt from MFA have broad administrative privileges. Without network restrictions and with monitoring alerts not routinely reviewed, an attacker who compromises an account could gain unauthorised privileged access to critical systems. | E4: Attacker | F4: Five privileged service accounts are exempt from MFA; broad administrative privileges; no network restrictions; monitoring alerts are generated but are not routinely reviewed. | G4: High | H4: High | I4: High | J4: MFA enabled for 20 of 25 privileged accounts. For the five exempt service accounts, network restrictions are absent and monitoring alerts are not routinely reviewed; effective compensating controls are not demonstrated. | K4: Ineffective / insufficient | L4: High (provisional; reassess after treatment and verification) | M4: Prioritise reducing privileges and restricting service-account access; assess feasible stronger authentication or replacement options; implement monitored alert review; document a time-bound exception only if authorised and justified; reassess residual risk after verification. | N4: IT Security Manager | O4: IAM Team | P4: =Assumptions!$B$3+Assumptions!$B$8 -> 46337 | Q4: Open - treatment required | R4: Current service-account inventory and privilege list; MFA exception approvals and rationale; network/security configuration confirming restrictions are absent; monitoring/alert configuration and evidence of alert review; proposed remediation plan and risk-owner decision. | S4: Verify least-privilege changes and any network restrictions through configuration review and appropriate tests; test that alerts reach a named reviewer and are acted on; verify authentication controls; reassess residual risk and document evidence before closure.
A5: R-004 | B5: AST-005 | C5: Backup and Recovery System | D5: A ransomware attack could encrypt or delete NovaCare's backup copies, preventing recovery of critical systems and data and prolonging business disruption. | E5: Ransomware operator | F5: Backups are not stored offline or immutably, and restore tests are not performed regularly. | G5: Medium | H5: High | I5: High | J5: Daily backups to a separate backup server with restricted administrator access. No offline or immutable copy. Restore tests not performed regularly. | K5: Partially effective | L5: Medium | M5: Create an offline or immutable backup copy; schedule regular restore tests; restrict and monitor backup administrator access; reassess residual risk after testing. | N5: IT Operations Manager | O5: Backup Administrator | P5: =Assumptions!$B$3+Assumptions!$B$9 -> 46328 | Q5: Open | R5: Backup configuration; evidence of offline or immutable copy; restore test results; backup admin access list. | S5: Perform a test restore of a critical system and confirm it completes within the recovery requirement; verify the offline or immutable copy cannot be altered by normal admin accounts; update residual risk.
A6: R-005 | B6: AST-006 | C6: Employee Endpoint Devices | D6: Malware or ransomware could run on an employee endpoint that is not covered by EDR, go undetected and spread to other systems, exposing business information and disrupting operations. | E6: Malware / ransomware operator | F6: EDR is deployed on most managed endpoints but coverage is incomplete, so some devices have no behavioural detection or central visibility. | G6: High | H6: High | I6: High | J6: Antivirus and operating system patching on managed endpoints; EDR deployed on part of the estate. No confirmed coverage report for all devices. | K6: Partially effective | L6: Medium | M6: Extend EDR to all managed endpoints; maintain an endpoint inventory and a coverage report; isolate or restrict unmanaged devices; reassess residual risk after rollout. | N6: IT Operations Manager | O6: Endpoint Management Team | P6: =Assumptions!$B$3+Assumptions!$B$10 -> 46337 | Q6: Open | R6: Endpoint inventory; EDR coverage report showing covered and uncovered devices; rollout plan; evidence of alert handling for newly covered devices. | S6: Compare the endpoint inventory with the EDR console and confirm 100% of managed endpoints report in; run a detection test on a sample device; update residual risk.
A7: R-006 | B7: AST-007 | C7: Third-Party IT Supplier Service | D7: A compromise of the third-party IT supplier, or misuse of its access, could allow an attacker to reach NovaCare systems and data, causing unauthorised changes, data exposure or loss of an important service. | E7: Supplier compromise / malicious or negligent supplier access | F7: The supplier has remote access to NovaCare systems, and its security is not reviewed regularly; the contract has no security audit or incident notification requirements. | G7: Medium | H7: High | I7: High | J7: Supplier contract with a confidentiality clause; supplier access limited to named accounts. No periodic security review, no contractual incident notification, and supplier activity is not routinely reviewed. | K7: Partially effective | L7: Medium | M7: Perform a supplier security assessment; add security and incident notification clauses to the contract; apply least-privilege and time-limited supplier access with MFA; review supplier access and activity regularly; reassess residual risk. | N7: IT Vendor Manager | O7: IT Operations Team | P7: =Assumptions!$B$3+Assumptions!$B$11 -> 46337 | Q7: Open | R7: Supplier security assessment or certification evidence; contract clauses; supplier access list with privileges; evidence of access and activity reviews. | S7: Confirm the supplier assessment is completed and findings are tracked; verify supplier accounts use MFA and least privilege; confirm incident notification terms are in the contract; update residual risk.
A8: R-007 | B8: AST-008 | C8: Security Logging and Monitoring Platform | D8: Security alerts and logs may not be reviewed or may be incomplete, so attacker activity on critical systems could go undetected, delaying response and increasing the damage of an incident. | E8: Attacker / malicious insider | F8: Alerts are generated but not routinely reviewed; no named reviewer or escalation procedure; log source coverage of critical systems is not confirmed. | G8: Medium | H8: High | I8: High | J8: The platform collects logs and generates alerts. No named reviewer, no routine alert review, and no documented triage or escalation procedure. | K8: Partially effective | L8: Medium | M8: Assign a named alert reviewer and review frequency; define alert triage and escalation steps; confirm logs cover critical systems (patient database, finance database, privileged accounts); protect logs from alteration; reassess residual risk. | N8: IT Security Manager | O8: Security Operations Team | P8: =Assumptions!$B$3+Assumptions!$B$12 -> 46328 | Q8: Open | R8: Alert review schedule and named reviewer; sample of reviewed alerts with outcomes; log source coverage list; triage and escalation procedure. | S8: Generate a test alert and confirm it reaches the named reviewer and is actioned in the agreed time; compare log sources with the asset inventory; update residual risk.
A9: R-008 | B9: AST-001 | C9: NovaCare Patient Database | D9: A malicious insider or a compromised staff account could access or change patient records beyond what their role needs, exposing sensitive patient data and affecting patient care and trust. | E9: Malicious insider / compromised staff account | F9: User access rights are not reviewed periodically, so some users may keep broader access than they need; access to patient records is not routinely reviewed. | G9: Medium | H9: High | I9: High | J9: Role-based access and authentication for clinical staff; access to the database is logged. No periodic user access review and no routine review of access logs. | K9: Partially effective | L9: Medium | M9: Introduce periodic user access reviews; apply least privilege and remove unused accounts; review access logs for patient records on a regular schedule; reassess residual risk. | N9: Head of Clinical Operations | O9: Database Administrator | P9: =Assumptions!$B$3+Assumptions!$B$13 -> 46337 | Q9: Open | R9: User access list with roles; access review records and approvals; removed or adjusted accounts; sample of reviewed access logs. | S9: Compare the access list with job roles and confirm excess access is removed; confirm access reviews take place on the agreed schedule; update residual risk.

Sheet Risk_Treatment_Plan
A1: Risk ID | B1: Asset ID | C1: Treatment Decision | D1: Planned Control / Action | E1: Responsible Action Owner | F1: Target Date | G1: Evidence Required | H1: Verification Method | I1: Status
A2: =Risk_Register!A2 -> R-001 | B2: =Risk_Register!B2 -> AST-002 | C2: Mitigate | D2: Expedite patching of the RCE vulnerability; validate that the WAF rules cover it. | E2: =Risk_Register!O2 -> Infrastructure Team | F2: =Risk_Register!P2 -> 46328 | G2: =Risk_Register!R2 -> WAF configuration/rule evidence; vulnerability scan; patch/remediation plan; relevant security logs or validation results | H2: =Risk_Register!S2 -> Re-scan the asset and confirm the vulnerability is remediated; validate WAF protection and update residual risk | I2: =Risk_Register!Q2 -> Open
A3: =Risk_Register!A3 -> R-002 | B3: =Risk_Register!B3 -> AST-003 | C3: Mitigate | D3: Patch the vulnerability and maintain network segmentation between the finance application server and the database. | E3: =Risk_Register!O3 -> Database/Infrastructure Team | F3: =Risk_Register!P3 -> 46321 | G3: =Risk_Register!R3 -> Network/firewall configuration; access-control test result; vulnerability scan; patch evidence | H3: =Risk_Register!S3 -> Re-scan the database and verify unauthorized network access remains blocked; confirm vulnerability is remediated and update residual risk | I3: =Risk_Register!Q3 -> Open
A4: =Risk_Register!A4 -> R-003 | B4: =Risk_Register!B4 -> AST-004 | C4: Mitigate (time-bound exception only if authorised and justified) | D4: Reduce privileges and restrict network access for the five exempt service accounts; assess stronger authentication or replacement; implement monitored alert review with a named reviewer. | E4: =Risk_Register!O4 -> IAM Team | F4: =Risk_Register!P4 -> 46337 | G4: =Risk_Register!R4 -> Current service-account inventory and privilege list; MFA exception approvals and rationale; network/security configuration confirming restrictions are absent; monitoring/alert configuration and evidence of alert review; proposed remediation plan and risk-owner decision. | H4: =Risk_Register!S4 -> Verify least-privilege changes and any network restrictions through configuration review and appropriate tests; test that alerts reach a named reviewer and are acted on; verify authentication controls; reassess residual risk and document evidence before closure. | I4: =Risk_Register!Q4 -> Open - treatment required
A5: =Risk_Register!A5 -> R-004 | B5: =Risk_Register!B5 -> AST-005 | C5: Mitigate | D5: Create an offline or immutable backup copy; schedule regular restore tests; restrict and monitor backup administrator access. | E5: =Risk_Register!O5 -> Backup Administrator | F5: =Risk_Register!P5 -> 46328 | G5: =Risk_Register!R5 -> Backup configuration; evidence of offline or immutable copy; restore test results; backup admin access list. | H5: =Risk_Register!S5 -> Perform a test restore of a critical system and confirm it completes within the recovery requirement; verify the offline or immutable copy cannot be altered by normal admin accounts; update residual risk. | I5: =Risk_Register!Q5 -> Open
A6: =Risk_Register!A6 -> R-005 | B6: =Risk_Register!B6 -> AST-006 | C6: Mitigate | D6: Extend EDR to all managed endpoints; maintain an endpoint inventory and coverage report; isolate or restrict unmanaged devices. | E6: =Risk_Register!O6 -> Endpoint Management Team | F6: =Risk_Register!P6 -> 46337 | G6: =Risk_Register!R6 -> Endpoint inventory; EDR coverage report showing covered and uncovered devices; rollout plan; evidence of alert handling for newly covered devices. | H6: =Risk_Register!S6 -> Compare the endpoint inventory with the EDR console and confirm 100% of managed endpoints report in; run a detection test on a sample device; update residual risk. | I6: =Risk_Register!Q6 -> Open
A7: =Risk_Register!A7 -> R-006 | B7: =Risk_Register!B7 -> AST-007 | C7: Mitigate | D7: Perform a supplier security assessment; add security and incident notification clauses to the contract; apply least-privilege, time-limited supplier access with MFA; review supplier access and activity regularly. | E7: =Risk_Register!O7 -> IT Operations Team | F7: =Risk_Register!P7 -> 46337 | G7: =Risk_Register!R7 -> Supplier security assessment or certification evidence; contract clauses; supplier access list with privileges; evidence of access and activity reviews. | H7: =Risk_Register!S7 -> Confirm the supplier assessment is completed and findings are tracked; verify supplier accounts use MFA and least privilege; confirm incident notification terms are in the contract; update residual risk. | I7: =Risk_Register!Q7 -> Open
A8: =Risk_Register!A8 -> R-007 | B8: =Risk_Register!B8 -> AST-008 | C8: Mitigate | D8: Assign a named alert reviewer and review frequency; define alert triage and escalation steps; confirm log coverage of critical systems; protect logs from alteration. | E8: =Risk_Register!O8 -> Security Operations Team | F8: =Risk_Register!P8 -> 46328 | G8: =Risk_Register!R8 -> Alert review schedule and named reviewer; sample of reviewed alerts with outcomes; log source coverage list; triage and escalation procedure. | H8: =Risk_Register!S8 -> Generate a test alert and confirm it reaches the named reviewer and is actioned in the agreed time; compare log sources with the asset inventory; update residual risk. | I8: =Risk_Register!Q8 -> Open
A9: =Risk_Register!A9 -> R-008 | B9: =Risk_Register!B9 -> AST-001 | C9: Mitigate | D9: Introduce periodic user access reviews; apply least privilege and remove unused accounts; review access logs for patient records on a regular schedule. | E9: =Risk_Register!O9 -> Database Administrator | F9: =Risk_Register!P9 -> 46337 | G9: =Risk_Register!R9 -> User access list with roles; access review records and approvals; removed or adjusted accounts; sample of reviewed access logs. | H9: =Risk_Register!S9 -> Compare the access list with job roles and confirm excess access is removed; confirm access reviews take place on the agreed schedule; update residual risk. | I9: =Risk_Register!Q9 -> Open
A10: Note (v1.2): Action Owner, Target Date, Evidence Required, Verification Method and Status are linked to Risk_Register so the two sheets stay in sync. Treatment Decision and Planned Control / Action are entered text drawn from the register's Treatment column.

Sheet Assumptions
A1: Assumptions (edit the blue cells only)
A3: Assessment date | B3: 46307 | C3: Assumption: 12 Oct 2026, the date the register baseline was confirmed (see Baseline version note on Risk_Register). Change this cell and every due date updates.
A5: Risk ID | B5: Remediation window (days from assessment)
A6: R-001 | B6: 21
A7: R-002 | B7: 14
A8: R-003 | B8: 30
A9: R-004 | B9: 21
A10: R-005 | B10: 30
A11: R-006 | B11: 30
A12: R-007 | B12: 21
A13: R-008 | B13: 30
A14: Remediation windows are set per risk by priority (R-001 21, R-002 14, R-003 30, R-004 21, R-005 30, R-006 30, R-007 21 days). R-004 to R-007 added in v1.4.
A17: Scenario assumptions (v1.4, simulated case study; not real NovaCare facts)
A18: R-004: Daily backups to a separate server; no offline or immutable copy; restore tests not performed regularly.
A19: R-005: Antivirus and patching on managed endpoints; EDR on part of the estate; no complete coverage report.
A20: R-006: Supplier has remote access via named accounts; no periodic security review; no contractual incident notification.
A21: R-007: Platform collects logs and generates alerts; no named reviewer or routine review; log source coverage not confirmed.
A23: Dashboard reporting assumption
A24: Exception Review Window: Exceptions with an expiry or review date falling within the next 30 calendar days are flagged for management attention. This is a portfolio reporting threshold, not a regulatory deadline.
A25: ISO 27001 assessment: selected Annex A (2022) controls linked to the 8 risks; not a full certification audit. Current states are scenario assumptions consistent with the risk register.

Sheet Exception_Register
A1: Exception ID | B1: Linked Risk ID | C1: Asset ID | D1: Exception Description | E1: Requirement Not Met | F1: Business Justification | G1: Compensating Controls | H1: Compensating Controls Status | I1: Residual Risk | J1: Risk Owner | K1: Approver | L1: Approval Status | M1: Date Raised | N1: Review / Expiry Date | O1: Status | P1: Evidence Required | Q1: Closure Criteria
A2: EX-001 | B2: R-003 | C2: AST-004 | D2: Five of the 25 privileged accounts (service accounts) are exempt from MFA and have broad administrative privileges. | E2: MFA is required for all privileged accounts. | F2: The five service accounts support automated processes that cannot complete interactive MFA. | G2: Required before approval: restrict network access to approved sources; reduce privileges to the minimum needed; assign a named reviewer for monitoring alerts on these accounts. | H2: Not yet implemented; effectiveness not demonstrated. | I2: High (provisional) | J2: IT Security Manager | K2: To be assigned (senior approver) | L2: Pending | M2: =Assumptions!$B$3 -> 46307 | N2: =M2+90 -> 46397 | O2: Open | P2: Service-account inventory and privilege list; exception approval and rationale; network restriction configuration; evidence of alert review by the named reviewer. | Q2: Exempt accounts replaced or brought under stronger authentication; or the exception is approved, time-bound, with compensating controls verified.
A3: EX-002 | B3: R-002 | C3: AST-003 | D3: A high-severity vulnerability on the finance database (FIN-DB-01) cannot be patched immediately and remains open until the patch is applied. | E3: High-severity vulnerabilities on critical systems are patched promptly. | F3: The patch must be tested with the finance application and applied in an approved change window, so it cannot be deployed immediately without risking finance operations. | G3: Network segmentation is in place: only the authorised finance application server can communicate with the database. Access is limited to approved finance personnel. | H3: In place; assessed as effective in the risk register (R-002). | I3: Medium | J3: Finance Application Manager | K3: To be assigned (senior approver) | L3: Pending | M3: =Assumptions!$B$3 -> 46307 | N3: =Assumptions!$B$3+Assumptions!$B$7 -> 46321 | O3: Open | P3: Network and firewall configuration; access-control test result; vulnerability scan; patch evidence once applied. | Q3: The vulnerability is patched and confirmed by a re-scan, or the exception is reviewed and renewed before the expiry date.

Sheet ISO27001_Gap_Assessment
A1: Control Ref | B1: Control Name | C1: Linked Risk ID | D1: Current State | E1: Assessment Status | F1: Gap Identified | G1: Gap Severity | H1: Recommended Action | I1: Owner | J1: Evidence Required
A2: A.8.8 | B2: Management of technical vulnerabilities | C2: R-001 | D2: Internet-facing customer portal has an RCE vulnerability; WAF deployed, effectiveness pending validation | E2: Pending validation | F2: Known RCE vulnerability requires remediation; WAF effectiveness has not been validated | G2: High | H2: Remediate the RCE vulnerability, validate WAF protection, and verify remediation | I2: =INDEX(Risk_Register!$O$2:$O$9,MATCH(C2,Risk_Register!$A$2:$A$9,0)) -> Infrastructure Team | J2: Vulnerability scan results; WAF validation results; patch/remediation record
A3: A.8.20 | B3: Network security | C3: R-001 | D3: Customer portal is internet-facing; WAF deployed, effectiveness pending validation | E3: Pending validation | F3: Effectiveness of network security protections against the identified RCE risk has not been confirmed | G3: High | H3: Review network security configuration and validate protections for the customer portal | I3: =INDEX(Risk_Register!$O$2:$O$9,MATCH(C2,Risk_Register!$A$2:$A$9,0)) -> Infrastructure Team | J3: Network architecture; firewall rules; network security configuration and test evidence
A4: A.8.22 | B4: Segregation of networks | C4: R-001 | D4: Network segmentation details for the customer portal are not provided | E4: Not assessed | F4: Insufficient scenario evidence to establish a network segregation gap | G4: Low | H4: Review network architecture and determine whether segmentation is applicable and effective | I4: =INDEX(Risk_Register!$O$2:$O$9,MATCH(C2,Risk_Register!$A$2:$A$9,0)) -> Infrastructure Team | J4: Network diagram; segmentation rules; configuration evidence
A5: A.8.8 | B5: Management of technical vulnerabilities | C5: R-002 | D5: High-severity vulnerability on the finance application server; network segmentation restricts database communication to the authorised finance application server | E5: Relevant | F5: Vulnerability remediation remains necessary; network segmentation is reported effective | G5: High | H5: Remediate the vulnerability and verify the fix through a vulnerability scan | I5: Database/Infrastructure Team | J5: Vulnerability scan results; patch record; verification scan
A6: A.8.22 | B6: Segregation of networks | C6: R-002 | D6: Finance database accessible only from the authorised finance application server | E6: Relevant | F6: Existing segmentation reported effective; no confirmed gap identified | G6: Low | H6: Retain segmentation and periodically verify authorised connectivity | I6: Database/Infrastructure Team | J6: Network diagram; segmentation rules; connectivity test results
A7: A.8.2 | B7: Privileged access rights | C7: R-003 | D7: Five privileged service accounts have broad administrative privileges | E7: Relevant | F7: Excessive administrative privileges increase the impact if an account is compromised | G7: High | H7: Review and reduce privileges to the minimum required | I7: IAM Team | J7: Service account inventory; privilege assignments; access review evidence
A8: A.8.5 | B8: Secure authentication | C8: R-003 | D8: Five privileged service accounts are exempt from MFA | E8: Relevant | F8: MFA is not enabled for the five privileged service accounts | G8: High | H8: Implement appropriate strong authentication and verify its effectiveness | I8: IAM Team | J8: Service account inventory; MFA configuration; authentication policy; verification evidence
A9: A.8.16 | B9: Monitoring activities | C9: R-003 | D9: Monitoring alerts are generated but not routinely reviewed | E9: Relevant | F9: Alerts may go unnoticed because they are not routinely reviewed | G9: Medium | H9: Assign a responsible reviewer and establish a documented alert-review process | I9: IAM Team | J9: Monitoring configuration; alert-review records; review procedure
A10: A.8.20 | B10: Network security | C10: R-003 | D10: The five privileged service accounts have no network restrictions | E10: Relevant | F10: Network restrictions are not in place for the privileged service accounts | G10: High | H10: Restrict service-account access to approved systems and network paths | I10: IAM Team | J10: Network diagrams; access rules; service-account configuration; connectivity test results
A11: A.8.13 | B11: Information backup | C11: R-004 | D11: Backup copies are not stored offline or immutably, and restore tests are not performed regularly | E11: Relevant | F11: Backup protection and recovery testing are inadequate | G11: High | H11: Implement offline or immutable backup copies and perform regular restore tests | I11: Backup Administrator | J11: Backup configuration; backup storage settings; restore test results; backup and recovery procedure
A12: A.8.7 | B12: Protection against malware | C12: R-005 | D12: EDR is deployed on most managed endpoints, but coverage is incomplete, leaving some devices without behavioural detection | E12: Relevant | F12: Some endpoints lack EDR protection, creating a gap in malware detection | G12: High | H12: Identify uncovered endpoints and extend appropriate EDR protection to all in-scope managed endpoints | I12: Endpoint Management Team | J12: Endpoint inventory; EDR coverage report; deployment records; detection test results
A13: A.5.19 | B13: Information security in supplier relationships | C13: R-006 | D13: The third-party IT supplier has remote access to NovaCare systems, but its security is not reviewed regularly | E13: Relevant | F13: Supplier security risks are not reviewed regularly | G13: Medium | H13: Conduct a supplier security review and establish a regular review process | I13: IT Operations Team | J13: Supplier security assessment; review records; supplier access inventory
A14: A.5.20 | B14: Addressing information security within supplier agreements | C14: R-006 | D14: The supplier contract lacks security audit and incident notification requirements | E14: Relevant | F14: The contract does not define these security requirements | G14: Medium | H14: Update the supplier agreement to include appropriate security audit rights and incident notification requirements | I14: IT Operations Team | J14: Supplier contract; security clauses; incident notification requirements; audit rights
A15: A.8.16 | B15: Monitoring activities | C15: R-007 | D15: Security alerts are generated but not routinely reviewed; no named reviewer or escalation procedure | E15: Relevant | F15: Monitoring activities are not consistently reviewed and escalated | G15: Medium | H15: Assign a responsible reviewer and establish documented alert-review and escalation procedures | I15: Security Operations Team | J15: Monitoring procedures; alert-review records; escalation procedure
A16: A.8.15 | B16: Logging | C16: R-007 | D16: Log-source coverage of critical systems is not confirmed | E16: Relevant | F16: Logging coverage for critical systems has not been verified | G16: Medium | H16: Inventory critical systems and verify that required security logs are generated, stored, and protected | I16: Security Operations Team | J16: Log-source inventory; logging configuration; log retention settings; validation results
... A18: A.5.18 | B18: Access rights | C18: R-008 | D18: User access rights are not reviewed periodically | E18: Relevant | F18: Periodic reviews are not performed, so users may retain excessive access to patient records | G18: Medium | H18: Implement periodic access reviews, confirm permissions remain appropriate, and remove unnecessary access | I18: Database Administrator | J18: User access list; access review records; approval records; access-removal evidence

Sheet Remediation_Plan
A1: Action ID | B1: Linked Risk ID | C1: Control Ref | D1: Gap to Close | E1: Remediation Action | F1: Priority | G1: Action Owner | H1: Target Date | I1: Evidence Required | J1: Status
A2: REM-001 | B2: =ISO27001_Gap_Assessment!C2 -> R-001 | C2: =ISO27001_Gap_Assessment!A2 -> A.8.8 | D2: =ISO27001_Gap_Assessment!F2 -> Known RCE vulnerability requires remediation; WAF effectiveness has not been validated | E2: =ISO27001_Gap_Assessment!H2 -> Remediate the RCE vulnerability, validate WAF protection, and verify remediation | F2: =ISO27001_Gap_Assessment!G2 -> High | G2: =ISO27001_Gap_Assessment!I2 -> Infrastructure Team | H2: 46328 | I2: =ISO27001_Gap_Assessment!J2 -> Vulnerability scan results; WAF validation results; patch/remediation record | J2: Not Started
A3: REM-002 | B3: =ISO27001_Gap_Assessment!C3 -> R-001 | C3: =ISO27001_Gap_Assessment!A3 -> A.8.20 | D3: =ISO27001_Gap_Assessment!F3 -> Effectiveness of network security protections against the identified RCE risk has not been confirmed | E3: =ISO27001_Gap_Assessment!H3 -> Review network security configuration and validate protections for the customer portal | F3: =ISO27001_Gap_Assessment!G3 -> High | G3: =ISO27001_Gap_Assessment!I3 -> Infrastructure Team | H3: 46328 | I3: =ISO27001_Gap_Assessment!J3 -> Network architecture; firewall rules; network security configuration and test evidence | J3: Not Started
A4: REM-003 | B4: =ISO27001_Gap_Assessment!C4 -> R-001 | C4: =ISO27001_Gap_Assessment!A4 -> A.8.22 | D4: =ISO27001_Gap_Assessment!F4 -> Insufficient scenario evidence to establish a network segregation gap | E4: =ISO27001_Gap_Assessment!H4 -> Review network architecture and determine whether segmentation is applicable and effective | F4: =ISO27001_Gap_Assessment!G4 -> Low | G4: =ISO27001_Gap_Assessment!I4 -> Infrastructure Team | H4: 46328 | I4: =ISO27001_Gap_Assessment!J4 -> Network diagram; segmentation rules; configuration evidence | J4: Not Started
A5: REM-004 | B5: =ISO27001_Gap_Assessment!C5 -> R-002 | C5: =ISO27001_Gap_Assessment!A5 -> A.8.8 | D5: =ISO27001_Gap_Assessment!F5 -> Vulnerability remediation remains necessary; network segmentation is reported effective | E5: =ISO27001_Gap_Assessment!H5 -> Remediate the vulnerability and verify the fix through a vulnerability scan | F5: =ISO27001_Gap_Assessment!G5 -> High | G5: =ISO27001_Gap_Assessment!I5 -> Database/Infrastructure Team | H5: 46321 | I5: =ISO27001_Gap_Assessment!J5 -> Vulnerability scan results; patch record; verification scan | J5: Not Started
A6: REM-005 | B6: =ISO27001_Gap_Assessment!C6 -> R-002 | C6: =ISO27001_Gap_Assessment!A6 -> A.8.22 | D6: =ISO27001_Gap_Assessment!F6 -> Existing segmentation reported effective; no confirmed gap identified | E6: =ISO27001_Gap_Assessment!H6 -> Retain segmentation and periodically verify authorised connectivity | F6: =ISO27001_Gap_Assessment!G6 -> Low | G6: =ISO27001_Gap_Assessment!I6 -> Database/Infrastructure Team | H6: 46321 | I6: =ISO27001_Gap_Assessment!J6 -> Network diagram; segmentation rules; connectivity test results | J6: Not Started
A7: REM-006 | B7: =ISO27001_Gap_Assessment!C7 -> R-003 | C7: =ISO27001_Gap_Assessment!A7 -> A.8.2 | D7: =ISO27001_Gap_Assessment!F7 -> Excessive administrative privileges increase the impact if an account is compromised | E7: =ISO27001_Gap_Assessment!H7 -> Review and reduce privileges to the minimum required | F7: =ISO27001_Gap_Assessment!G7 -> High | G7: =ISO27001_Gap_Assessment!I7 -> IAM Team | H7: 46337 | I7: =ISO27001_Gap_Assessment!J7 -> Service account inventory; privilege assignments; access review evidence | J7: Not Started
A8: REM-007 | B8: =ISO27001_Gap_Assessment!C8 -> R-003 | C8: =ISO27001_Gap_Assessment!A8 -> A.8.5 | D8: =ISO27001_Gap_Assessment!F8 -> MFA is not enabled for the five privileged service accounts | E8: =ISO27001_Gap_Assessment!H8 -> Implement appropriate strong authentication and verify its effectiveness | F8: =ISO27001_Gap_Assessment!G8 -> High | G8: =ISO27001_Gap_Assessment!I8 -> IAM Team | H8: 46337 | I8: =ISO27001_Gap_Assessment!J8 -> Service account inventory; MFA configuration; authentication policy; verification evidence | J8: Not Started
A9: REM-008 | B9: =ISO27001_Gap_Assessment!C9 -> R-003 | C9: =ISO27001_Gap_Assessment!A9 -> A.8.16 | D9: =ISO27001_Gap_Assessment!F9 -> Alerts may go unnoticed because they are not routinely reviewed | E9: =ISO27001_Gap_Assessment!H9 -> Assign a responsible reviewer and establish a documented alert-review process | F9: =ISO27001_Gap_Assessment!G9 -> Medium | G9: =ISO27001_Gap_Assessment!I9 -> IAM Team | H9: 46337 | I9: =ISO27001_Gap_Assessment!J9 -> Monitoring configuration; alert-review records; review procedure | J9: Not Started
A10: REM-009 | B10: =ISO27001_Gap_Assessment!C10 -> R-003 | C10: =ISO27001_Gap_Assessment!A10 -> A.8.20 | D10: =ISO27001_Gap_Assessment!F10 -> Network restrictions are not in place for the privileged service accounts | E10: =ISO27001_Gap_Assessment!H10 -> Restrict service-account access to approved systems and network paths | F10: =ISO27001_Gap_Assessment!G10 -> High | G10: =ISO27001_Gap_Assessment!I10 -> IAM Team | H10: 46337 | I10: =ISO27001_Gap_Assessment!J10 -> Network diagrams; access rules; service-account configuration; connectivity test results | J10: Not Started
A11: REM-010 | B11: =ISO27001_Gap_Assessment!C11 -> R-004 | C11: =ISO27001_Gap_Assessment!A11 -> A.8.13 | D11: =ISO27001_Gap_Assessment!F11 -> Backup protection and recovery testing are inadequate | E11: =ISO27001_Gap_Assessment!H11 -> Implement offline or immutable backup copies and perform regular restore tests | F11: =ISO27001_Gap_Assessment!G11 -> High | G11: =ISO27001_Gap_Assessment!I11 -> Backup Administrator | H11: 46328 | I11: =ISO27001_Gap_Assessment!J11 -> Backup configuration; backup storage settings; restore test results; backup and recovery procedure | J11: Not Started
A12: REM-011 | B12: =ISO27001_Gap_Assessment!C12 -> R-005 | C12: =ISO27001_Gap_Assessment!A12 -> A.8.7 | D12: =ISO27001_Gap_Assessment!F12 -> Some endpoints lack EDR protection, creating a gap in malware detection | E12: =ISO27001_Gap_Assessment!H12 -> Identify uncovered endpoints and extend appropriate EDR protection to all in-scope managed endpoints | F12: =ISO27001_Gap_Assessment!G12 -> High | G12: =ISO27001_Gap_Assessment!I12 -> Endpoint Management Team | H12: 46337 | I12: =ISO27001_Gap_Assessment!J12 -> Endpoint inventory; EDR coverage report; deployment records; detection test results | J12: Not Started
A13: REM-012 | B13: =ISO27001_Gap_Assessment!C13 -> R-006 | C13: =ISO27001_Gap_Assessment!A13 -> A.5.19 | D13: =ISO27001_Gap_Assessment!F13 -> Supplier security risks are not reviewed regularly | E13: =ISO27001_Gap_Assessment!H13 -> Conduct a supplier security review and establish a regular review process | F13: =ISO27001_Gap_Assessment!G13 -> Medium | G13: =ISO27001_Gap_Assessment!I13 -> IT Operations Team | H13: 46337 | I13: =ISO27001_Gap_Assessment!J13 -> Supplier security assessment; review records; supplier access inventory | J13: Not Started
... A18: REM-017 | B18: =ISO27001_Gap_Assessment!C18 -> R-008 | C18: =ISO27001_Gap_Assessment!A18 -> A.5.18 | D18: =ISO27001_Gap_Assessment!F18 -> Periodic reviews are not performed, so users may retain excessive access to patient records | E18: =ISO27001_Gap_Assessment!H18 -> Implement periodic access reviews, confirm permissions remain appropriate, and remove unnecessary access | F18: =ISO27001_Gap_Assessment!G18 -> Medium | G18: =ISO27001_Gap_Assessment!I18 -> Database Administrator | H18: 46337 | I18: =ISO27001_Gap_Assessment!J18 -> User access list; access review records; approval records; access-removal evidence | J18: Not Started

Sheet Dashboard
A1: NOVACARE | CYBER RISK MANAGEMENT DASHBOARD
A2: Simulated Case Study | Management Risk Overview
A4: TOTAL RISKS | C4: HIGH INHERENT RISKS | F4: OPEN RISKS | H4: CLOSED RISKS
A5: =COUNTA(Risk_Register!A2:A100) -> 8 | C5: =COUNTIF(Risk_Register!I2:I100,"High") -> 8 | F5: =COUNTIF(Risk_Register!Q2:Q100,"Open*") -> 8 | H5: =COUNTIF(Risk_Register!Q2:Q100,"Closed") -> 0
A8: RESIDUAL RISK SUMMARY. | D8: COUNT | F8: Action Summary
A9: High | D9: =COUNTIF(Risk_Register!L2:L100,"High*") -> 1 | F9: Open Actions | H9: =COUNTIF(Risk_Treatment_Plan!I2:I100,"Open*") -> 8
A10: Medium | D10: =COUNTIF(Risk_Register!L2:L100,"Medium*") -> 6 | F10: Completed Actions | H10: =COUNTIF(Risk_Treatment_Plan!I2:I100,"Completed*") -> 0
A11: Low | D11: =COUNTIF(Risk_Register!L2:L100,"Low*") -> 0
A12: Pending | D12: =COUNTIF(Risk_Register!L2:L100,"Pending*") -> 1
F14: EXCEPTION SUMMARY
F15: Open Exceptions | H15: =COUNTIF(Exception_Register!O2:O100,"Open*") -> 2
F16: Pending Approval | H16: =COUNTIF(Exception_Register!L2:L100,"Pending*") -> 2
F17: Expiring ≤30 Days | H17: =COUNTIFS(Exception_Register!N2:N100,">="&TODAY(),Exception_Register!N2:N100,"<="&TODAY()+30) -> 1
A20: Risk Rating | C20: Inherent Risk | E20: Residual Risk
A21: High | C21: =COUNTIF(Risk_Register!I2:I100,"High*") -> 8 | E21: =COUNTIF(Risk_Register!L2:L100,"High*") -> 1
A22: Medium | C22: =COUNTIF(Risk_Register!I2:I100,"Medium*") -> 0 | E22: =COUNTIF(Risk_Register!L2:L100,"Medium*") -> 6
A23: Low | C23: =COUNTIF(Risk_Register!I2:I100,"Low*") -> 0 | E23: =COUNTIF(Risk_Register!L2:L100,"Low*") -> 0
A24: Pending | C24: =COUNTIF(Risk_Register!I2:I100,"Pending*") -> 0 | E24: =COUNTIF(Risk_Register!L2:L100,"Pending*") -> 1
